<?xml version="1.0" encoding="UTF-8"?>
<!DOCTYPE mapper PUBLIC "-//mybatis.org//DTD Mapper 3.0//EN" "http://mybatis.org/dtd/mybatis-3-mapper.dtd">
<mapper namespace="com.mtbcraft.mapper.BoardMapper">

	<select id="getBoardInfo" resultType="com.mtbcraft.dto.Board">
		select b_num, b_rider, b_title, b_day, b_club from board where b_club=#{b_club}
	</select>
	
	<select id="getBoardList" parameterType="int" resultType="com.mtbcraft.dto.Board">
		select * from board where b_club=#{b_club}
	</select>
	
	<select id="getJoinCLub" parameterType="String" resultType="int">
		<![CDATA[select cj_club from (select * from club_join where cj_rider=#{cj_rider} order by cj_join desc) where rownum < 2 and cj_withdraw is null]]>
	</select>
	
	<insert id="insertBoard" parameterType="com.mtbcraft.dto.Board">
		insert into board values(SEQ_BOARDNUM.nextval, #{b_rider}, #{b_title}, #{b_content}, SYSDATE+(9/24), #{b_file}, #{b_club})
	</insert>
	
	<select id="getBoardNum" parameterType="int" resultType="com.mtbcraft.dto.Board">
		select * from board where b_num=#{b_num}
	</select>
	
	<update id="updateBoard" parameterType="com.mtbcraft.dto.Board">
		UPDATE BOARD SET b_title = #{b_title}, b_content=#{b_content} where b_num=#{b_num}
	</update>
	
	<delete id="deleteBoard" parameterType="int">
		DELETE FROM BOARD WHERE b_num = #{b_num}
	</delete>
</mapper>

